Invoice No,Invoice Date,Supplier Name,Receipt No.,Bill No.,Bill Date,D.N. No.,D.N. Date,Currency,Item Description,Unit,Quantity,Gross Amount,Discount,Additional Custom Duty,Basic Custom Duty,Cst Purchase @1%,Cst Purchase @2%,Cvd,Ec On Purchase @2%,Excise On Purchase -6.00%,Excise On Purchase 12.50%,Excise On Purchase @14%,Hec On Purchase @1%,Input Vat - 12.50% Up,Input Vat - 4.00% Up,Input Vat Additional - 1.50% ,Input Vat Additional. - 1% Up,,Net Amount
PB0000398,09-06-2015,SAI AUTOMATION,,MRN-608/412,30-05-2015,,,INR,ELECTRICAL-MISC,PCS,1.00,3707.00,0.00,0.00,0.00,0.00,0.00,0.00,0.00,0.00,0.00,0.00,0.00,0.00,0.00,0.00,0.00,0.00,3707.00
PB0000399,09-06-2015,MYKODA AUTO INDUSTRIES (REGD.),,MRN-609/13919,01-06-2015,,,INR,MISC. OIL SEALS,PCS,45.00,2049.75,0.00,0.00,0.00,0.00,0.00,0.00,0.00,0.00,0.00,0.00,0.00,0.00,82.00,0.00,20.00,0.00,2151.75
PB0000400,09-06-2015,UNITED TRADERS,,MRN-610/13309,01-06-2015,,,INR,PACKING EQUIPMENTS,PCS,1.00,1628.00,0.00,0.00,0.00,0.00,0.00,0.00,0.00,0.00,0.00,0.00,0.00,0.00,0.00,0.00,0.00,0.00,1628.00
PB0000401,09-06-2015,HPT AND COMPANY,,MRN-611/1351,01-06-2015,,,INR,MISC. BUILDING MATERIALS,KG,1.00,4589.00,0.00,0.00,0.00,0.00,0.00,0.00,0.00,0.00,0.00,0.00,0.00,0.00,0.00,0.00,0.00,0.00,4589.00
PB0000402,09-06-2015,SSK CHEMICALS PVT. LTD.,RCPT0000000035,088,02-06-2015,MRN-622,03-06-2015,INR,SSK 2543,KG,420.00,75600.00,0.00,0.00,0.00,0.00,1701.00,0.00,0.00,0.00,9450.00,0.00,0.00,0.00,0.00,0.00,0.00,0.00,86751.00
,,,,,,,,,SSK 4001,KG,420.00,39060.00,0.00,0.00,0.00,0.00,879.00,0.00,0.00,0.00,4883.00,0.00,0.00,0.00,0.00,0.00,0.00,0.00,44822.00
PB0000403,09-06-2015,Hindalco,RCPT0000000040,DCR/15001486,03-06-2015,MRN-633,04-06-2015,INR,COPPER WIRE / ROD,KG,2996.00,1279292.00,0.00,0.00,0.00,14392.00,0.00,0.00,0.00,0.00,159912.00,0.00,0.00,0.00,0.00,0.00,0.00,0.00,1453596.00
PB0000404,09-06-2015,Hindalco,RCPT0000000041,DCR/15001487,03-06-2015,MRN-634,04-06-2015,INR,COPPER WIRE / ROD,KG,6004.00,2563708.00,0.00,0.00,0.00,28842.00,0.00,0.00,0.00,0.00,320464.00,0.00,0.00,0.00,0.00,0.00,0.00,0.00,2913014.00
PB0000405,09-06-2015,N.K. Joy & Co.,RCPT0000000051,15,03-06-2015,MRN-635,04-06-2015,INR,BEARING - 3308,PCS,4.00,9600.00,0.00,0.00,0.00,0.00,192.00,0.00,0.00,0.00,0.00,0.00,0.00,0.00,0.00,0.00,0.00,0.00,9792.00
,,,,,,,,,BEARING - 6001 2Z,PCS,10.00,1100.00,0.00,0.00,0.00,0.00,22.00,0.00,0.00,0.00,0.00,0.00,0.00,0.00,0.00,0.00,0.00,0.00,1122.00
,,,,,,,,,BEARING - 6004 2Z,PCS,10.00,1630.00,0.00,0.00,0.00,0.00,33.00,0.00,0.00,0.00,0.00,0.00,0.00,0.00,0.00,0.00,0.00,0.00,1663.00
,,,,,,,,,BEARING - 6006 2Z,PCS,4.00,956.00,0.00,0.00,0.00,0.00,19.00,0.00,0.00,0.00,0.00,0.00,0.00,0.00,0.00,0.00,0.00,0.00,975.00
,,,,,,,,,BEARING -625,PCS,20.00,2020.00,0.00,0.00,0.00,0.00,40.00,0.00,0.00,0.00,0.00,0.00,0.00,0.00,0.00,0.00,0.00,0.00,2060.00
,,,,,,,,,BEARING 608 Z,PCS,20.00,1760.00,0.00,0.00,0.00,0.00,35.00,0.00,0.00,0.00,0.00,0.00,0.00,0.00,0.00,0.00,0.00,0.00,1795.00
,,,,,,,,,BEARING 6200 2Z,PCS,4.00,448.00,0.00,0.00,0.00,0.00,9.00,0.00,0.00,0.00,0.00,0.00,0.00,0.00,0.00,0.00,0.00,0.00,457.00
,,,,,,,,,BEARING 6201 ZZ,PCS,4.00,424.00,0.00,0.00,0.00,0.00,8.00,0.00,0.00,0.00,0.00,0.00,0.00,0.00,0.00,0.00,0.00,0.00,432.00
,,,,,,,,,BEARING 6202 2Z,PCS,4.00,448.00,0.00,0.00,0.00,0.00,9.00,0.00,0.00,0.00,0.00,0.00,0.00,0.00,0.00,0.00,0.00,0.00,457.00
,,,,,,,,,BEARING 6302 2Z,PCS,2.00,384.00,0.00,0.00,0.00,0.00,8.00,0.00,0.00,0.00,0.00,0.00,0.00,0.00,0.00,0.00,0.00,0.00,392.00
,,,,,,,,,BEARING- 6015  2RS1,PCS,2.00,1876.00,0.00,0.00,0.00,0.00,38.00,0.00,0.00,0.00,0.00,0.00,0.00,0.00,0.00,0.00,0.00,0.00,1914.00
,,,,,,,,,BEARING- 6016 2RS1,PCS,2.00,2250.00,0.00,0.00,0.00,0.00,45.00,0.00,0.00,0.00,0.00,0.00,0.00,0.00,0.00,0.00,0.00,0.00,2295.00
,,,,,,,,,BEARING- 6203,PCS,4.00,556.00,0.00,0.00,0.00,0.00,11.00,0.00,0.00,0.00,0.00,0.00,0.00,0.00,0.00,0.00,0.00,0.00,567.00
,,,,,,,,,BEARING- 6205- 2Z,PCS,4.00,1096.00,0.00,0.00,0.00,0.00,22.00,0.00,0.00,0.00,0.00,0.00,0.00,0.00,0.00,0.00,0.00,0.00,1118.00
,,,,,,,,,BEARING- 6206 2Z,PCS,4.00,1428.00,0.00,0.00,0.00,0.00,29.00,0.00,0.00,0.00,0.00,0.00,0.00,0.00,0.00,0.00,0.00,0.00,1457.00
,,,,,,,,,BEARING- 6301-2Z,PCS,4.00,556.00,0.00,0.00,0.00,0.00,11.00,0.00,0.00,0.00,0.00,0.00,0.00,0.00,0.00,0.00,0.00,0.00,567.00
,,,,,,,,,BEARING-626 2Z,PCS,20.00,2060.00,0.00,0.00,0.00,0.00,41.00,0.00,0.00,0.00,0.00,0.00,0.00,0.00,0.00,0.00,0.00,0.00,2101.00
PB0000406,09-06-2015,Hindalco,RCPT0000000042,DCR/15001485,03-06-2015,MRN-637,04-06-2015,INR,COPPER WIRE / ROD,KG,2987.00,1275449.00,0.00,0.00,0.00,14349.00,0.00,0.00,0.00,0.00,159431.00,0.00,0.00,0.00,0.00,0.00,0.00,0.00,1449229.00
PB0000430,11-06-2015,Hindalco,RCPT0000000100,DGH/15000632,05-06-2015,MRN-641,05-06-2015,INR,COPPER WIRE / ROD,KG,5961.00,2666170.51,2980.50,0.00,0.00,0.00,0.00,0.00,0.00,0.00,333271.00,0.00,0.00,0.00,119978.00,0.00,29994.00,0.00,3146433.01
PB0000431,11-06-2015,Hindalco,RCPT0000000101,DGH/15000633,05-06-2015,MRN-643,05-06-2015,INR,COPPER WIRE / ROD,KG,5999.00,2683166.73,2999.50,0.00,0.00,0.00,0.00,0.00,0.00,0.00,335396.00,0.00,0.00,0.00,120743.00,0.00,30186.00,0.00,3166492.23
PB0000432,11-06-2015,Hindalco,RCPT0000000102,DGH/15000641,06-06-2015,MRN-651,06-06-2015,INR,COPPER WIRE / ROD,KG,6001.00,2684061.27,3000.50,0.00,0.00,0.00,0.00,0.00,0.00,0.00,335508.00,0.00,0.00,0.00,120783.00,0.00,30196.00,0.00,3167547.77
PB0000433,11-06-2015,Hindalco,RCPT0000000103,DGH/15000642,06-06-2015,MRN-653,06-06-2015,INR,COPPER WIRE / ROD,KG,5985.00,2676904.96,2992.50,0.00,0.00,0.00,0.00,0.00,0.00,0.00,334613.00,0.00,0.00,0.00,120461.00,0.00,30115.00,0.00,3159101.46
PB0000434,11-06-2015,S.S.Packaging,RCPT0000000119,218,06-06-2015,MRN-654,06-06-2015,INR,STRECH FILM,KG,127.80,18531.00,0.00,0.00,0.00,0.00,0.00,0.00,0.00,0.00,2316.00,0.00,0.00,0.00,834.00,0.00,208.00,0.00,21889.00
PB0000435,11-06-2015,Hindalco,RCPT0000000043,DCR/15001535,06-06-2015,MRN-662,07-06-2015,INR,COPPER WIRE / ROD,KG,8929.00,3827621.22,0.00,0.00,0.00,43061.00,0.00,0.00,0.00,0.00,478453.00,0.00,0.00,0.00,0.00,0.00,0.00,0.00,4349135.22
PB0000436,11-06-2015,Hindalco,RCPT0000000044,DCR/15001536,06-06-2015,MRN-663,07-06-2015,INR,COPPER WIRE / ROD,KG,2965.00,1271015.44,0.00,0.00,0.00,14299.00,0.00,0.00,0.00,0.00,158877.00,0.00,0.00,0.00,0.00,0.00,0.00,0.00,1444191.44
PB0000437,11-06-2015,Hindalco,RCPT0000000104,DGH/15000647,08-06-2015,MRN-666,08-06-2015,INR,COPPER WIRE / ROD,KG,5949.00,2660803.28,2974.50,0.00,0.00,0.00,0.00,0.00,0.00,0.00,332600.00,0.00,0.00,0.00,119736.00,0.00,29934.00,0.00,3140098.78
PB0000438,11-06-2015,Hindalco,RCPT0000000105,DGH/15000648,08-06-2015,MRN-667,08-06-2015,INR,COPPER WIRE / ROD,KG,6002.00,2684508.54,3001.00,0.00,0.00,0.00,0.00,0.00,0.00,0.00,335564.00,0.00,0.00,0.00,120803.00,0.00,30201.00,0.00,3168075.54
PB0000439,11-06-2015,Hindalco,RCPT0000000106,DGH/15000654,09-06-2015,MRN-669,09-06-2015,INR,COPPER WIRE / ROD,KG,5987.00,2677799.50,2993.50,0.00,0.00,0.00,0.00,0.00,0.00,0.00,334725.00,0.00,0.00,0.00,120501.00,0.00,30125.00,0.00,3160157.00
PB0000440,11-06-2015,Hindalco,RCPT0000000107,DGH/15000655,09-06-2015,MRN-670,09-06-2015,INR,COPPER WIRE / ROD,KG,2973.00,1329730.74,1486.50,0.00,0.00,0.00,0.00,0.00,0.00,0.00,166216.00,0.00,0.00,0.00,59838.00,0.00,14959.00,0.00,1569257.24
PB0000441,11-06-2015,Hindalco,RCPT0000000108,DGH/15000656,09-06-2015,MRN-671,30-06-2015,INR,COPPER WIRE / ROD,KG,3001.00,1342254.27,1500.50,0.00,0.00,0.00,0.00,0.00,0.00,0.00,167782.00,0.00,0.00,0.00,60401.00,0.00,15100.00,0.00,1584036.77
PB0000442,11-06-2015,CBS TECHNOLOGIES PVT. LTD.,,672/MRN-672,09-06-2015,,,INR,CENTRIFUGAL OIL CLEANING ASSEMBLY,PCS,1.00,80000.00,0.00,0.00,0.00,0.00,0.00,0.00,0.00,0.00,10000.00,0.00,0.00,11250.00,0.00,1350.00,0.00,0.00,102600.00
PB0000443,11-06-2015,Hindalco,RCPT0000000045,DCR/15001581,09-06-2015,MRN-673,10-06-2015,INR,COPPER WIRE / ROD,KG,5983.00,2564750.56,0.00,0.00,0.00,28853.00,0.00,0.00,0.00,0.00,320594.00,0.00,0.00,0.00,0.00,0.00,0.00,0.00,2914197.56
PB0000444,11-06-2015,Hindalco,RCPT0000000046,DCR/15001582,09-06-2015,MRN-674,10-06-2015,INR,COPPER WIRE / ROD,KG,2991.00,1282160.94,0.00,0.00,0.00,14424.00,0.00,0.00,0.00,0.00,160270.00,0.00,0.00,0.00,0.00,0.00,0.00,0.00,1456854.94
PB0000445,11-06-2015,Hindalco,RCPT0000000047,DCR/15001590,09-06-2015,MRN-675,10-06-2015,INR,COPPER WIRE / ROD,KG,3003.00,1287305.02,0.00,0.00,0.00,14482.00,0.00,0.00,0.00,0.00,160913.00,0.00,0.00,0.00,0.00,0.00,0.00,0.00,1462700.02
PB0000446,13-06-2015,JVC Industrial Corporation,,162 /MRN-625,03-06-2015,,,INR,BATTERY,PCS,1.00,657.89,0.00,0.00,0.00,0.00,0.00,0.00,0.00,0.00,0.00,0.00,0.00,82.00,0.00,10.00,0.00,0.00,749.89
PB0000447,13-06-2015,Savitri Enterprises,,328 MRN-626,03-06-2015,,,INR,MISC. BUILDING MATERIALS,KG,1.00,72749.00,0.00,0.00,0.00,0.00,0.00,0.00,0.00,0.00,0.00,0.00,0.00,0.00,2910.00,0.00,727.00,0.00,76386.00
PB0000448,13-06-2015,Savitri Enterprises,,329 /MRN-627,03-06-2015,,,INR,MISC. BUILDING MATERIALS,KG,20.00,1300.00,0.00,0.00,0.00,0.00,0.00,0.00,0.00,0.00,0.00,0.00,0.00,163.00,0.00,20.00,0.00,0.00,1483.00
PB0000449,13-06-2015,Arvind Bearing & Mill Store,RCPT0000000053,607,03-06-2015,MRN-628,03-06-2015,INR,BEARING 6200 2Z,PCS,4.00,383.60,0.00,0.00,0.00,0.00,0.00,0.00,0.00,0.00,0.00,0.00,0.00,0.00,15.00,0.00,4.00,0.00,402.60
PB0000450,13-06-2015,VIKAS SPOOL PVT. LTD. (SUPPLIER),RCPT0000000121,560,09-06-2015,MRN-677,10-06-2015,INR,PLAS SPOOL PT- 45,PCS,360.00,75600.00,0.00,0.00,0.00,0.00,1701.00,0.00,0.00,0.00,9450.00,0.00,0.00,0.00,0.00,0.00,0.00,0.00,86751.00
,,,,,,,,,PLAS SPOOL PT-10,PCS,1000.00,35500.00,0.00,0.00,0.00,0.00,799.00,0.00,0.00,0.00,4438.00,0.00,0.00,0.00,0.00,0.00,0.00,0.00,40737.00
PB0000451,02-06-2015,VIKAS SPOOL PVT. LTD. (SUPPLIER),RCPT0000000122,561,09-06-2015,MRN-680,10-06-2015,INR,PLAS SPOOL PT- 90,PCS,100.00,75000.00,0.00,0.00,0.00,0.00,1688.00,0.00,0.00,0.00,9375.00,0.00,0.00,0.00,0.00,0.00,0.00,0.00,86063.00
PB0000452,02-06-2015,SSK CHEMICALS PVT. LTD.,RCPT0000000036,101,10-06-2015,MRN-681,10-06-2015,INR,VAR-HIGH SPEED,KG,3150.00,283500.00,0.00,0.00,0.00,0.00,6379.00,0.00,0.00,0.00,35438.00,0.00,0.00,0.00,0.00,0.00,0.00,0.00,325317.00
PB0000453,09-06-2015,Hindalco,RCPT0000000109,DGH/15000662,11-06-2015,MRN-685,11-06-2015,INR,COPPER WIRE / ROD,KG,5900.00,2638887.10,2950.00,0.00,0.00,0.00,0.00,0.00,0.00,0.00,329861.00,0.00,0.00,0.00,118750.00,0.00,29687.00,0.00,3114235.10
PB0000454,11-06-2015,Hindalco,RCPT0000000110,DGH/15000660,11-06-2015,MRN-686,11-06-2015,INR,COPPER WIRE / ROD,KG,2949.00,1318996.28,1474.50,0.00,0.00,0.00,0.00,0.00,0.00,0.00,164875.00,0.00,0.00,0.00,59355.00,0.00,14839.00,0.00,1556590.78
PB0000455,11-06-2015,Hindalco,RCPT0000000111,DGH/15000661,11-06-2015,MRN-687,11-06-2015,INR,COPPER WIRE / ROD,KG,2970.00,1265220.00,1485.00,0.00,0.00,0.00,0.00,0.00,0.00,0.00,158153.00,0.00,0.00,0.00,56935.00,0.00,14234.00,0.00,1493057.00
PB0000456,11-06-2015,Sealwell,RCPT0000000054,241,09-06-2015,MRN-688,11-06-2015,INR,FELT 50X30X8 DENSITY 0.28GM/CM3,KG,12.00,11100.00,0.00,0.00,0.00,0.00,222.00,0.00,0.00,0.00,0.00,0.00,0.00,0.00,0.00,0.00,0.00,0.00,11322.00
PB0000457,13-06-2015,Hindalco,RCPT0000000112,DGH/15000675,12-06-2015,MRN-696,12-06-2015,INR,COPPER WIRE / ROD,KG,3009.00,1281834.00,1504.50,0.00,0.00,0.00,0.00,0.00,0.00,0.00,160229.00,0.00,0.00,0.00,57683.00,0.00,14421.00,0.00,1512662.50
PB0000458,13-06-2015,Hindalco,RCPT0000000113,DGH/15000676,12-06-2015,MRN-697,12-06-2015,INR,COPPER WIRE / ROD,KG,3016.00,1284816.00,1508.00,0.00,0.00,0.00,0.00,0.00,0.00,0.00,160602.00,0.00,0.00,0.00,57817.00,0.00,14454.00,0.00,1516181.00
PB0000459,13-06-2015,Hindalco,RCPT0000000114,DGH/15000677,12-06-2015,MRN-700,12-06-2015,INR,COPPER WIRE / ROD,KG,6000.00,2556000.00,3000.00,0.00,0.00,0.00,0.00,0.00,0.00,0.00,319500.00,0.00,0.00,0.00,115020.00,0.00,28755.00,0.00,3016275.00
PB0000460,13-06-2015,Bharat Box Company,RCPT0000000123,100,12-06-2015,MRN-701,12-06-2015,INR,"CORRUGATED BOX - PT-25- 9.25X 9.25X 11.25"" 3PLY",PCS,1967.00,21637.00,0.00,0.00,0.00,0.00,0.00,0.00,0.00,0.00,0.00,0.00,0.00,0.00,865.00,0.00,216.00,0.00,22718.00
,,,,,,,,,"CORRUGATED BOX PT- 45, 10.50X10.50X16.50- 3 PLY",PCS,495.00,7177.50,0.00,0.00,0.00,0.00,0.00,0.00,0.00,0.00,0.00,0.00,0.00,0.00,287.00,0.00,72.00,0.00,7536.50
PB0000461,15-06-2015,Savitri Enterprises,,356/ MRN-684,11-06-2015,,,INR,MISC. BUILDING MATERIALS,KG,48.00,5760.00,0.00,0.00,0.00,0.00,0.00,0.00,0.00,0.00,0.00,0.00,0.00,0.00,230.00,0.00,58.00,0.00,6048.00
PB0000462,16-06-2015,Ashoka Enterprises (India ),,056/MRN-698,11-06-2015,,,INR,WIRES & CABLE,M,1500.00,17259.00,0.00,0.00,0.00,0.00,381.00,0.00,0.00,0.00,1791.00,0.00,0.00,0.00,0.00,0.00,0.00,0.00,19431.00
PB0000463,16-06-2015,Ashoka Enterprises (India ),,055/MRN-699,11-06-2015,,,INR,WIRES & CABLE,M,1900.00,24283.90,0.00,0.00,0.00,0.00,538.00,0.00,0.00,0.00,2596.00,0.00,0.00,0.00,0.00,0.00,0.00,0.00,27417.90
PB0000464,16-06-2015,Wirex Dies & Steel (I) Pvt. Ltd.,RCPT0000000055,111,12-06-2015,MRN-705,13-06-2015,INR,COOLANT FOR COPPER FWD,L,615.00,135300.00,0.00,0.00,0.00,0.00,2991.00,0.00,0.00,0.00,14274.00,0.00,0.00,0.00,0.00,0.00,0.00,0.00,152565.00
,,,,,,,,,COOLANT FOR COPPER RBD,L,1640.00,328000.00,0.00,0.00,0.00,0.00,7220.00,0.00,0.00,0.00,32997.00,0.00,0.00,0.00,0.00,0.00,0.00,0.00,368217.00
PB0000465,16-06-2015,Hindalco,RCPT0000000115,DGH/15000684,13-06-2015,MRN-707,13-06-2015,INR,COPPER WIRE / ROD,KG,5990.00,2551740.00,2995.00,0.00,0.00,0.00,0.00,0.00,0.00,0.00,318968.00,0.00,0.00,0.00,114828.00,0.00,28707.00,0.00,3011248.00
PB0000466,16-06-2015,Hindalco,RCPT0000000116,DGH/15000687,13-06-2015,MRN-708,13-06-2015,INR,COPPER WIRE / ROD,KG,5968.00,2542368.00,2984.00,0.00,0.00,0.00,0.00,0.00,0.00,0.00,317796.00,0.00,0.00,0.00,114407.00,0.00,28602.00,0.00,3000189.00
PB0000467,16-06-2015,Hindalco,RCPT0000000117,DGH/15000688,13-06-2015,MRN-712,13-06-2015,INR,COPPER WIRE / ROD,KG,5970.00,2543220.00,2985.00,0.00,0.00,0.00,0.00,0.00,0.00,0.00,317903.00,0.00,0.00,0.00,114445.00,0.00,28611.00,0.00,3001194.00
PB0000468,16-06-2015,Hindalco,RCPT0000000118,DGH/15000690,13-06-2015,MRN-715,13-06-2015,INR,COPPER WIRE / ROD,KG,5971.00,2543646.00,2985.50,0.00,0.00,0.00,0.00,0.00,0.00,0.00,317956.00,0.00,0.00,0.00,114464.00,0.00,28616.00,0.00,3001696.50
PB0000469,16-06-2015,Hindalco,RCPT0000000119,DGH/15000697,15-06-2015,MRN-720,30-06-2015,INR,COPPER WIRE / ROD,KG,5971.00,2543646.00,2985.50,0.00,0.00,0.00,0.00,0.00,0.00,0.00,317956.00,0.00,0.00,0.00,114464.00,0.00,28616.00,0.00,3001696.50
PB0000470,16-06-2015,Hindalco,RCPT0000000120,DGH/15000698,15-06-2015,MRN-724,15-06-2015,INR,COPPER WIRE / ROD,KG,5973.00,2544498.00,2986.50,0.00,0.00,0.00,0.00,0.00,0.00,0.00,318062.00,0.00,0.00,0.00,114502.00,0.00,28626.00,0.00,3002701.50
PB0000471,17-06-2015,MAHESH PAINTS & HARDWARE STORE,,285/MRN-719,15-06-2015,,,INR,MISC. BUILDING MATERIALS,KG,1.00,430.00,0.00,0.00,0.00,0.00,0.00,0.00,0.00,0.00,0.00,0.00,0.00,54.00,0.00,6.00,0.00,0.00,490.00
PB0000472,17-06-2015,MAHESH PAINTS & HARDWARE STORE,,289/MRN-727,15-06-2015,,,INR,MISC. BUILDING MATERIALS,KG,1.00,3111.00,0.00,0.00,0.00,0.00,0.00,0.00,0.00,0.00,0.00,0.00,0.00,389.00,0.00,47.00,0.00,0.00,3547.00
PB0000473,17-06-2015,MAHESH PAINTS & HARDWARE STORE,,290/MRN-728,15-06-2015,,,INR,MISC. BUILDING MATERIALS,KG,1.00,2000.00,0.00,0.00,0.00,0.00,0.00,0.00,0.00,0.00,0.00,0.00,0.00,0.00,80.00,0.00,20.00,0.00,2100.00
PB0000474,17-06-2015,Bharat Petroleum Corporation Ltd.,RCPT0000000056,1102150265,13-06-2015,MRN-716,13-06-2015,INR,HIGH SPEED DIESAL ( HSD ),L,12000.00,573678.00,0.00,0.00,0.00,0.00,0.00,0.00,0.00,0.00,0.00,0.00,0.00,0.00,22947.00,0.00,5737.00,0.00,602362.00
PB0000475,17-06-2015,Ram Saran Dass Suresh Chand,,170/MRN-682,10-06-2015,,,INR,MS PIPE,KG,140.20,7144.87,0.00,0.00,0.00,0.00,0.00,0.00,0.00,0.00,0.00,0.00,0.00,0.00,0.00,0.00,0.00,0.00,7144.87
PB0000476,17-06-2015,AGNI SURAKSHA MARKETING SERVICES,,2241/MRN-691,11-06-2015,,,INR,FIRE EXTINGUISHERS,PCS,25.00,19050.00,0.00,0.00,0.00,0.00,381.00,0.00,0.00,0.00,0.00,0.00,0.00,0.00,0.00,0.00,0.00,0.00,19431.00
PB0000477,17-06-2015,LAXMAN SHARMA (SUPPLIERT),RCPT0000000124,29,13-06-2015,MRN-706,13-06-2015,INR,WOODEN BOX 38*29*27,PCS,10.00,9700.00,0.00,0.00,0.00,0.00,0.00,0.00,0.00,0.00,0.00,0.00,0.00,0.00,0.00,0.00,0.00,0.00,9700.00
PB0000478,17-06-2015,Bharat Box Company,RCPT0000000125,102,16-06-2015,MRN-731,16-06-2015,INR,"CORRUGATED BOX-PT10-14.75""X7.5""X9.5""",PCS,300.00,7500.00,0.00,0.00,0.00,0.00,0.00,0.00,0.00,0.00,0.00,0.00,0.00,0.00,300.00,0.00,75.00,0.00,7875.00
PB0000479,17-06-2015,Micro Inks Limited,RCPT0000000057,9284,12-06-2015,MRN-733,16-06-2015,INR,BASE COAT THINNER,KG,360.00,42120.00,0.00,0.00,0.00,0.00,948.00,0.00,0.00,0.00,5265.00,0.00,0.00,0.00,0.00,0.00,0.00,0.00,48333.00
,,,,,,,,,TOP COAT THINNER,KG,180.00,39960.00,0.00,0.00,0.00,0.00,899.00,0.00,0.00,0.00,4995.00,0.00,0.00,0.00,0.00,0.00,0.00,0.00,45854.00
PB0000480,17-06-2015,Hindalco,RCPT0000000121,DGH/15000705,16-06-2015,MRN-737,16-06-2015,INR,COPPER WIRE / ROD,KG,6021.00,2564946.00,3010.50,0.00,0.00,0.00,0.00,0.00,0.00,0.00,320618.00,0.00,0.00,0.00,115423.00,0.00,28856.00,0.00,3026832.50
PB0000481,18-06-2015,AMBIT SWITCHGEAR PVT LTD,,14000102/mrn-736,16-06-2015,,,INR,CONTACTORS & TIMERS & RELAYS,PCS,1.00,4750.00,0.00,0.00,0.00,0.00,0.00,0.00,0.00,0.00,594.00,0.00,0.00,668.00,0.00,80.00,0.00,0.00,6092.00
PB0000482,18-06-2015,Hindalco,RCPT0000000122,DGH/15000706,16-06-2015,MRN-738,16-06-2015,INR,COPPER WIRE / ROD,KG,6077.00,2588802.00,3038.50,0.00,0.00,0.00,0.00,0.00,0.00,0.00,323600.00,0.00,0.00,0.00,116496.00,0.00,29124.00,0.00,3054983.50
PB0000486,18-06-2015,VIKAS SPOOL PVT. LTD. (SUPPLIER),RCPT0000000126,600,15-06-2015,MRN-740,16-06-2015,INR,PLAS SPOOL PT- 90,PCS,100.00,75000.00,0.00,0.00,0.00,0.00,1688.00,0.00,0.00,0.00,9375.00,0.00,0.00,0.00,0.00,0.00,0.00,0.00,86063.00
PB0000487,18-06-2015,Bharat Box Company,RCPT0000000127,104,16-06-2015,MRN-742,16-06-2015,INR,"CORRUGATED BOX-PT10-14.75""X7.5""X9.5""",PCS,1006.00,25150.00,0.00,0.00,0.00,0.00,0.00,0.00,0.00,0.00,0.00,0.00,0.00,0.00,1006.00,0.00,252.00,0.00,26408.00
PB0000488,18-06-2015,Hindalco,RCPT0000000123,DGH/15000711,17-06-2015,MRN-753,17-06-2015,INR,COPPER WIRE / ROD,KG,2992.00,1274592.00,1496.00,0.00,0.00,0.00,0.00,0.00,0.00,0.00,159324.00,0.00,0.00,0.00,57357.00,0.00,14339.00,0.00,1504116.00
PB0000489,18-06-2015,Hindalco,RCPT0000000124,DGH/15000712,17-06-2015,MRN-754,17-06-2015,INR,COPPER WIRE / ROD,KG,3008.00,1281408.00,1504.00,0.00,0.00,0.00,0.00,0.00,0.00,0.00,160176.00,0.00,0.00,0.00,57663.00,0.00,14416.00,0.00,1512159.00
PB0000490,18-06-2015,Hindalco,RCPT0000000125,DGH/15000713,17-06-2015,MRN-756,17-06-2015,INR,COPPER WIRE / ROD,KG,5992.00,2552592.00,2996.00,0.00,0.00,0.00,0.00,0.00,0.00,0.00,319074.00,0.00,0.00,0.00,114867.00,0.00,28717.00,0.00,3012254.00
PB0000493,19-06-2015,Hindalco,RCPT0000000048,DCR/15001747,17-06-2015,MRN-760,18-06-2015,INR,COPPER WIRE / ROD,KG,3040.00,1295040.00,0.00,0.00,0.00,14569.00,0.00,0.00,0.00,0.00,161880.00,0.00,0.00,0.00,0.00,0.00,0.00,0.00,1471489.00
PB0000494,19-06-2015,Hindalco,RCPT0000000049,CR/15001759,17-06-2015,MRN-761,18-06-2015,INR,COPPER WIRE / ROD,KG,5971.00,2543646.00,0.00,0.00,0.00,28616.00,0.00,0.00,0.00,0.00,317956.00,0.00,0.00,0.00,0.00,0.00,0.00,0.00,2890218.00
PB0000495,19-06-2015,Hindalco,RCPT0000000050,DCR/15001760,17-06-2015,MRN-762,18-06-2015,INR,COPPER WIRE / ROD,KG,2999.00,1277574.00,0.00,0.00,0.00,14373.00,0.00,0.00,0.00,0.00,159697.00,0.00,0.00,0.00,0.00,0.00,0.00,0.00,1451644.00
PB0000496,19-06-2015,Sesa Sterlite Ltd - Vedanta Aluminium& Power,RCPT0000000005,1802000177,17-06-2015,MRN-763,18-06-2015,INR,ALUMINIUM WIRE / ROD,KG,4060.00,586467.00,0.00,0.00,0.00,0.00,13216.00,0.00,0.00,0.00,74323.00,0.00,0.00,0.00,0.00,0.00,0.00,0.00,674006.00
PB0000497,19-06-2015,Seema Traders,RCPT0000000061,5148,18-06-2015,MRN-764,18-06-2015,INR,OLD DHOTI,PCS,3000.00,11700.00,0.00,0.00,0.00,0.00,0.00,0.00,0.00,0.00,0.00,0.00,0.00,0.00,0.00,0.00,0.00,0.00,11700.00
PB0000498,19-06-2015,Bharat Box Company,RCPT0000000128,106,18-06-2015,MRN-766,18-06-2015,INR,CORRUGATED BOX-PT-10 INTERLOCK,PCS,1510.00,19630.00,0.00,0.00,0.00,0.00,0.00,0.00,0.00,0.00,0.00,0.00,0.00,0.00,785.00,0.00,196.00,0.00,20611.00
PB0000503,20-06-2015,Hindalco,RCPT0000000126,DGH/15000722,19-06-2015,MRN-772,19-06-2015,INR,COPPER WIRE / ROD,KG,2996.00,1276296.00,1498.00,0.00,0.00,0.00,0.00,0.00,0.00,0.00,159537.00,0.00,0.00,0.00,57433.00,0.00,14358.00,0.00,1506126.00
PB0000504,20-06-2015,Hindalco,RCPT0000000127,DGH/15000723,19-06-2015,MRN-773,19-06-2015,INR,COPPER WIRE / ROD,KG,2989.00,1273314.00,1494.50,0.00,0.00,0.00,0.00,0.00,0.00,0.00,159164.00,0.00,0.00,0.00,57299.00,0.00,14325.00,0.00,1502607.50
PB0000505,20-06-2015,Hindalco,RCPT0000000128,DGH/15000720,19-06-2015,MRN-774,19-06-2015,INR,COPPER WIRE / ROD,KG,2989.00,1273314.00,1494.50,0.00,0.00,0.00,0.00,0.00,0.00,0.00,159164.00,0.00,0.00,0.00,57299.00,0.00,14325.00,0.00,1502607.50
PB0000506,20-06-2015,Hindalco,RCPT0000000129,DGH/15000721,19-06-2015,MRN-775,19-06-2015,INR,COPPER WIRE / ROD,KG,2981.00,1269906.00,1490.50,0.00,0.00,0.00,0.00,0.00,0.00,0.00,158738.00,0.00,0.00,0.00,57146.00,0.00,14286.00,0.00,1498585.50
PB0000507,20-06-2015,S.S.Packaging,RCPT0000000129,265,19-06-2015,MRN-777,19-06-2015,INR,STRECH FILM,KG,131.20,19024.00,0.00,0.00,0.00,0.00,0.00,0.00,0.00,0.00,2378.00,0.00,0.00,0.00,856.00,0.00,214.00,0.00,22472.00
PB0000508,22-06-2015,Hindalco,RCPT0000000130,DGH/15000724,20-06-2015,MRN-793,20-06-2015,INR,COPPER WIRE / ROD,KG,2992.00,1274592.00,1496.00,0.00,0.00,0.00,0.00,0.00,0.00,0.00,159324.00,0.00,0.00,0.00,57357.00,0.00,14339.00,0.00,1504116.00
PB0000509,22-06-2015,Hindalco,RCPT0000000131,DGH/15000725,20-06-2015,MRN-794,20-06-2015,INR,COPPER WIRE / ROD,KG,2990.00,1273740.00,1495.00,0.00,0.00,0.00,0.00,0.00,0.00,0.00,159218.00,0.00,0.00,0.00,57318.00,0.00,14330.00,0.00,1503111.00
PB0000510,23-06-2015,Bharat Box Company,RCPT0000000130,111,20-06-2015,MRN-797,20-06-2015,INR,WRAPPER-PT-10/15 -  195 X 640 MM,KG,676.00,31096.00,0.00,0.00,0.00,0.00,0.00,0.00,0.00,0.00,0.00,0.00,0.00,0.00,1244.00,0.00,311.00,0.00,32651.00
PB0000511,23-06-2015,Hindalco,RCPT0000000132,DGH/15000726,20-06-2015,MRN-799,20-06-2015,INR,COPPER WIRE / ROD,KG,2989.00,1273314.00,1494.50,0.00,0.00,0.00,0.00,0.00,0.00,0.00,159164.00,0.00,0.00,0.00,57299.00,0.00,14325.00,0.00,1502607.50
PB0000512,23-06-2015,Hindalco,RCPT0000000133,DGH/15000727,20-06-2015,MRN-800,20-06-2015,INR,COPPER WIRE / ROD,KG,2986.00,1272036.00,1493.00,0.00,0.00,0.00,0.00,0.00,0.00,0.00,159005.00,0.00,0.00,0.00,57242.00,0.00,14310.00,0.00,1501100.00
PB0000513,23-06-2015,Hindalco,RCPT0000000051,DCR/15001808,20-06-2015,MRN-803,21-06-2015,INR,COPPER WIRE / ROD,KG,2975.00,1267350.00,0.00,0.00,0.00,14258.00,0.00,0.00,0.00,0.00,158419.00,0.00,0.00,0.00,0.00,0.00,0.00,0.00,1440027.00
PB0000514,23-06-2015,Hindalco,RCPT0000000052,DCR/15001810,20-06-2015,MRN-804,21-06-2015,INR,COPPER WIRE / ROD,KG,8962.00,3817812.00,0.00,0.00,0.00,42950.00,0.00,0.00,0.00,0.00,477227.00,0.00,0.00,0.00,0.00,0.00,0.00,0.00,4337989.00
PB0000515,23-06-2015,TILES STUDIO,,MRN No735/055,23-06-2015,,,INR,MISC. BUILDING MATERIALS,KG,1.00,43604.00,0.00,0.00,0.00,0.00,0.00,0.00,0.00,0.00,0.00,0.00,0.00,0.00,0.00,0.00,0.00,0.00,43604.00
PB0000516,24-06-2015,GAC COMPUTERS PVT. LTD.,RCPT0000000063,RI/98,29-05-2015,MRN-603,30-05-2015,INR,COMPUTER PARTS,PCS,1.00,5190.00,0.00,0.00,0.00,0.00,104.00,0.00,0.00,0.00,0.00,0.00,0.00,0.00,0.00,0.00,0.00,0.00,5294.00
PB0000517,24-06-2015,Arvind Bearing & Mill Store,,634/MRN-652,06-06-2015,,,INR,MISC. OIL SEALS,PCS,5.00,275.00,0.00,0.00,0.00,0.00,0.00,0.00,0.00,0.00,0.00,0.00,0.00,0.00,11.00,0.00,3.00,0.00,289.00
PB0000518,24-06-2015,Shri Hari Paints & Sanitory,,184/MRN-659,06-06-2015,,,INR,MISC. PIPE & PIPE FITTINGS,PCS,1.00,1700.00,0.00,0.00,0.00,0.00,0.00,0.00,0.00,0.00,0.00,0.00,0.00,0.00,68.00,0.00,17.00,0.00,1785.00
PB0000519,24-06-2015,BANSAL MACHINERY STORE,,146/MRN-660,06-06-2015,,,INR,MISC. BUILDING MATERIALS,KG,1.00,1813.00,0.00,0.00,0.00,0.00,0.00,0.00,0.00,0.00,0.00,0.00,0.00,0.00,73.00,0.00,18.00,0.00,1904.00
PB0000520,24-06-2015,Autonix Auto Industries Pvt. Ltd,,,,,,INR,BULBS ALL TYPES,PCS,3.00,12216.00,0.00,0.00,0.00,0.00,0.00,0.00,0.00,724.98,0.00,0.00,0.00,1617.62,0.00,194.11,0.00,0.00,14752.72
PB0000521,24-06-2015,Sumer Chand Jain & Co.,,155/MRN-678,09-06-2015,,,INR,FLEXO O SEAL,PCS,4.00,5520.00,0.00,0.00,0.00,0.00,110.00,0.00,0.00,0.00,0.00,0.00,0.00,0.00,0.00,0.00,0.00,0.00,5630.00
PB0000522,24-06-2015,DEEBA DIES & TOOLS,,3593/MRN-714,12-06-2015,,,INR,DIES WIRE DRAWING PCD,PCS,2.00,6000.00,0.00,0.00,0.00,0.00,120.00,0.00,0.00,0.00,0.00,0.00,0.00,0.00,0.00,0.00,0.00,0.00,6120.00
PB0000523,24-06-2015,Arvind Bearing & Mill Store,RCPT0000000064,693,15-06-2015,MRN-721,15-06-2015,INR,A- 28 V BELT,PCS,2.00,220.00,0.00,0.00,0.00,0.00,0.00,0.00,0.00,0.00,0.00,0.00,0.00,0.00,9.00,0.00,2.00,0.00,231.00
PB0000524,25-06-2015,Bharat Box Company,RCPT0000000131,,,,,INR,"CORRUGATED BOX - PT-25- 9.25X 9.25X 11.25"" 3PLY",PCS,2704.00,29744.00,0.00,0.00,0.00,0.00,0.00,0.00,0.00,0.00,0.00,0.00,0.00,0.00,1190.00,0.00,297.00,0.00,31231.00
PB0000525,26-06-2015,ELANTAS Beck India Ltd.,RCPT0000000040,IHB00702,11-06-2015,MRN-694,12-06-2015,INR,TEREBEC MT 543-38,KG,3150.00,595350.00,0.00,0.00,0.00,0.00,13553.00,0.00,0.00,0.00,82294.00,0.00,0.00,0.00,0.00,0.00,0.00,0.00,691197.00
PB0000526,26-06-2015,ELANTAS Beck India Ltd.,RCPT0000000041,IHB0784,19-06-2015,MRN-790,20-06-2015,INR,TEREBEC MT 543-38,KG,2310.00,436590.00,0.00,0.00,0.00,0.00,9939.00,0.00,0.00,0.00,60349.00,0.00,0.00,0.00,0.00,0.00,0.00,0.00,506878.00
PB0000527,26-06-2015,ELANTAS Beck India Ltd.,RCPT0000000042,IHB-00785,19-06-2015,MRN-791,20-06-2015,INR,TEREBEC MT 543-38,KG,840.00,158760.00,0.00,0.00,0.00,0.00,3614.00,0.00,0.00,0.00,21945.00,0.00,0.00,0.00,0.00,0.00,0.00,0.00,184319.00
PB0000528,26-06-2015,ELANTAS Beck India Ltd.,RCPT0000000043,IHB-00823,23-06-2015,MRN-825,24-06-2015,INR,TEREBEC MT 543-38,KG,2100.00,396900.00,0.00,0.00,0.00,0.00,9035.00,0.00,0.00,0.00,54863.00,0.00,0.00,0.00,0.00,0.00,0.00,0.00,460798.00
PB0000529,26-06-2015,ELANTAS Beck India Ltd.,RCPT0000000044,IHB00841,25-06-2015,IHB00841,26-06-2015,INR,TEREBEC MT 533-36,KG,2100.00,392700.00,0.00,0.00,0.00,0.00,8930.00,0.00,0.00,0.00,53813.00,0.00,0.00,0.00,0.00,0.00,0.00,0.00,455443.00
PB0000530,26-06-2015,ELANTAS Beck India Ltd.,RCPT0000000045,IHB00842,25-06-2015,IHB00842,26-06-2015,INR,TEREBEC MT 543-38,KG,2100.00,396900.00,0.00,0.00,0.00,0.00,9035.00,0.00,0.00,0.00,54863.00,0.00,0.00,0.00,0.00,0.00,0.00,0.00,460798.00
PB0000531,27-06-2015,Bharat Box Company,RCPT0000000132,117,26-06-2015,MRN-844,26-06-2015,INR,"CORRUGATED BOX PT- 4, 11.50X11.50X8- 5 PLY",PCS,1005.00,23868.75,0.00,0.00,0.00,0.00,0.00,0.00,0.00,0.00,0.00,0.00,0.00,0.00,955.00,0.00,239.00,0.00,25062.75
,,,,,,,,,"CORRUGATED BOX-PT10-14.75""X7.5""X9.5""",PCS,700.00,17500.00,0.00,0.00,0.00,0.00,0.00,0.00,0.00,0.00,0.00,0.00,0.00,0.00,700.00,0.00,175.00,0.00,18375.00
PB0000532,27-06-2015,Bharat Box Company,RCPT0000000120,094,06-06-2015,MRN-655,06-06-2015,INR,"CORRUGATED BOX-PT10-14.75""X7.5""X9.5""",PCS,1194.00,29850.00,0.00,0.00,0.00,0.00,0.00,0.00,0.00,0.00,0.00,0.00,0.00,0.00,1194.00,0.00,299.00,0.00,31343.00
,,,RCPT0000000133,094,06-06-2015,MRN-655,06-06-2015,INR,"CORRUGATED BOX-PT10-14.75""X7.5""X9.5""",PCS,79.00,1975.00,0.00,0.00,0.00,0.00,0.00,0.00,0.00,0.00,0.00,0.00,0.00,0.00,79.00,0.00,20.00,0.00,2074.00
PB0000533,29-06-2015,Bharat Box Company,RCPT0000000134,089,01-06-2015,MRN-614,01-06-2015,INR,"CORRUGATED BOX-PT15-8""X8""X9.25""",PCS,496.00,8928.00,0.00,0.00,0.00,0.00,0.00,0.00,0.00,0.00,0.00,0.00,0.00,0.00,357.00,0.00,89.00,0.00,9374.00
PB0000534,29-06-2015,Komal Packaging System,RCPT0000000135,3280,29-04-2015,MRN-632,03-06-2015,INR,STRAPPING ROLL,PCS,4.00,3073.00,0.00,0.00,0.00,0.00,0.00,0.00,0.00,0.00,0.00,0.00,0.00,0.00,0.00,0.00,0.00,0.00,3073.00
PB0000535,29-06-2015,BANSAL MACHINERY STORE,,144/MRN-642,,,,INR,MISC. WELDING MATERIALS,PCS,1.00,3696.00,0.00,0.00,0.00,0.00,0.00,0.00,0.00,0.00,0.00,0.00,0.00,0.00,0.00,0.00,0.00,0.00,3696.00
PB0000536,29-06-2015,Ganesh Electricals,,520/MRN-644,05-06-2015,,,INR,ELECTRICAL-MISC,PCS,1.00,14460.00,0.00,0.00,0.00,0.00,0.00,0.00,0.00,0.00,0.00,0.00,0.00,1808.00,0.00,217.00,0.00,0.00,16485.00
PB0000537,29-06-2015,Zoom Apparels Pvt. Ltd.,,,,,,INR,MISC. BUILDING MATERIALS,KG,100.00,24500.00,0.00,0.00,0.00,0.00,0.00,0.00,0.00,0.00,0.00,0.00,0.00,0.00,0.00,0.00,0.00,0.00,24500.00
PB0000538,29-06-2015,ELANTAS Beck India Ltd.,RCPT0000000046,IHA01970,05-06-2015,MRN-693,12-06-2015,INR,RMENSS 1355-35,KG,1050.00,170100.00,0.00,0.00,0.00,0.00,3827.00,0.00,0.00,0.00,21263.00,0.00,0.00,0.00,0.00,0.00,0.00,0.00,195190.00
PB0000539,29-06-2015,Hindalco,RCPT0000000134,DGH/15000733,23-06-2015,MRN-817,23-06-2015,INR,COPPER WIRE / ROD,KG,4171.00,1680562.64,2085.50,0.00,0.00,0.00,0.00,0.00,0.00,0.00,222106.00,0.00,0.00,0.00,76107.00,0.00,19027.00,0.00,1995717.14
PB0000540,29-06-2015,Hindalco,RCPT0000000135,DGH/15000734,23-06-2015,MRN-818,23-06-2015,INR,COPPER WIRE / ROD,KG,2024.00,815501.98,1012.00,0.00,0.00,0.00,0.00,0.00,0.00,0.00,107778.00,0.00,0.00,0.00,36931.00,0.00,9233.00,0.00,968431.98
PB0000541,29-06-2015,Hindalco,RCPT0000000136,DGH/15000735,23-06-2015,MRN-823,23-06-2015,INR,COPPER WIRE / ROD,KG,5901.00,2377607.32,2950.50,0.00,0.00,0.00,0.00,0.00,0.00,0.00,314228.00,0.00,0.00,0.00,107673.00,0.00,26918.00,0.00,2823475.82
PB0000542,29-06-2015,ELANTAS Beck India Ltd.,RCPT0000000065,822,24-06-2015,MRN-824,24-06-2015,INR,LUBECKAN W-25,L,360.00,59760.00,0.00,0.00,0.00,0.00,1362.53,0.00,0.00,0.00,0.00,8366.40,0.00,0.00,0.00,0.00,0.00,0.00,69488.93
PB0000543,29-06-2015,Air Master Rectfiers Pvt Ltd,,493/MRN-826,30-06-2015,,,INR,FUSES ALL TYPES,PCS,4.00,7400.00,0.00,0.00,0.00,0.00,148.00,0.00,0.00,0.00,0.00,0.00,0.00,0.00,0.00,0.00,0.00,0.00,7548.00
,,,,,,,,,"TEMPRATURE CONTROLLERS, SSR",PCS,4.00,17400.00,0.00,0.00,0.00,0.00,348.00,0.00,0.00,0.00,0.00,0.00,0.00,0.00,0.00,0.00,0.00,0.00,17748.00
PB0000544,29-06-2015,V.S. Traders,,085/MRN-836,24-06-2015,,,INR,"PVC , UPVC, PPR PIPE FITTINGS",PCS,10.00,6648.75,0.00,0.00,0.00,0.00,0.00,0.00,0.00,0.00,0.00,0.00,0.00,0.00,266.00,0.00,66.00,0.00,6980.75
PB0000547,29-06-2015,ELANTAS Beck India Ltd.,RCPT0000000066,IHP02339,19-06-2015,MRN-852,26-06-2015,INR,LUBECKAN W-25,L,360.00,59760.00,0.00,0.00,0.00,0.00,1362.53,0.00,0.00,0.00,0.00,8366.40,0.00,0.00,0.00,0.00,0.00,0.00,69488.93
PB0000548,29-06-2015,Hindalco,RCPT0000000053,DCR/15001916,26-06-2015,MRN-853,27-06-2015,INR,COPPER WIRE / ROD,KG,5962.00,2539812.00,0.00,0.00,0.00,28573.00,0.00,0.00,0.00,0.00,317477.00,0.00,0.00,0.00,0.00,0.00,0.00,0.00,2885862.00
PB0000549,29-06-2015,Hindalco,RCPT0000000054,DCR/15001913,26-06-2015,MRN-854,27-06-2015,INR,COPPER WIRE / ROD,KG,5954.00,2536404.00,0.00,0.00,0.00,28535.00,0.00,0.00,0.00,0.00,317051.00,0.00,0.00,0.00,0.00,0.00,0.00,0.00,2881990.00
PB0000550,30-06-2015,PINKY GRANITES,,,,,,INR,MISC. BUILDING MATERIALS,KG,151.00,16691.54,0.00,0.00,0.00,0.00,0.00,0.00,0.00,0.00,0.00,0.00,0.00,0.00,0.00,0.00,0.00,0.00,16691.54
PB0000551,30-06-2015,Aditi Printers,,054/mrn-732,13-06-2015,,,INR,PRINTING ITEMS,PCS,1.00,16135.00,0.00,0.00,0.00,0.00,0.00,0.00,0.00,0.00,0.00,0.00,0.00,0.00,0.00,0.00,0.00,0.00,16135.00
PB0000552,30-06-2015,R A Nariman & Co. Pvt Ltd,RCPT0000000067,314,06-06-2015,MRN-657,06-06-2015,INR,"REDUCER ( MTO, BENZENE )",L,2520.00,162136.80,0.00,0.00,0.00,0.00,3588.48,0.00,0.00,0.00,0.00,17287.20,0.00,0.00,0.00,0.00,0.00,0.00,183012.48
PB0000553,30-06-2015,ELANTAS Beck India Ltd.,RCPT0000000047,IHP02065,11-06-2015,MRN-776,19-06-2015,INR,AI-BV1013,KG,630.00,160650.00,0.00,0.00,0.00,0.00,3615.00,0.00,0.00,0.00,20081.00,0.00,0.00,0.00,0.00,0.00,0.00,0.00,184346.00
PB0000554,30-06-2015,SSK CHEMICALS PVT. LTD.,RCPT0000000048,118,19-06-2015,MRN-789,20-06-2015,INR,VAR-HIGH SPEED,KG,3150.00,283500.00,0.00,0.00,0.00,0.00,6379.00,0.00,0.00,0.00,35438.00,0.00,0.00,0.00,0.00,0.00,0.00,0.00,325317.00
PB0000555,30-06-2015,Sesa Sterlite Ltd - Vedanta Aluminium& Power,RCPT0000000008,1802000190,22-06-2015,MRN-815,23-06-2015,INR,ALUMINIUM WIRE / ROD,KG,4052.00,585311.40,0.00,0.00,0.00,0.00,13190.00,0.00,0.00,0.00,74177.00,0.00,0.00,0.00,0.00,0.00,0.00,0.00,672678.40
PB0000556,30-06-2015,Hindalco,RCPT0000000139,DGH/15000758,27-06-2015,MRN-860,27-06-2015,INR,COPPER WIRE / ROD,KG,5962.00,2539812.00,2981.00,0.00,0.00,0.00,0.00,0.00,0.00,0.00,317477.00,0.00,0.00,0.00,114292.00,0.00,28573.00,0.00,2997173.00
PB0000557,30-06-2015,Hindalco,RCPT0000000140,DGH/15000764,27-06-2015,MRN-862,27-06-2015,INR,COPPER WIRE / ROD,KG,5953.00,2535978.00,2976.50,0.00,0.00,0.00,0.00,0.00,0.00,0.00,316997.00,0.00,0.00,0.00,114119.00,0.00,28530.00,0.00,2992647.50
PB0000558,30-06-2015,VIKAS SPOOL PVT. LTD. (SUPPLIER),RCPT0000000136,724,30-06-2015,mrn-885,,INR,PLASTIC SPOOL - 265MM,PCS,240.00,20400.00,0.00,0.00,0.00,0.00,459.00,0.00,0.00,0.00,2550.00,0.00,0.00,0.00,0.00,0.00,0.00,0.00,23409.00
PB0000559,30-06-2015,Hindalco,RCPT0000000141,DGH/15000766,29-06-2015,MRN-867,29-06-2015,INR,COPPER WIRE / ROD,KG,5960.00,2538960.00,2980.00,0.00,0.00,0.00,0.00,0.00,0.00,0.00,317370.00,0.00,0.00,0.00,114253.00,0.00,28563.00,0.00,2996166.00
PB0000560,30-06-2015,Hindalco,RCPT0000000142,DGH/15000765,29-06-2015,MRN-868,29-06-2015,INR,COPPER WIRE / ROD,KG,5990.00,2551740.00,2995.00,0.00,0.00,0.00,0.00,0.00,0.00,0.00,318968.00,0.00,0.00,0.00,114828.00,0.00,28707.00,0.00,3011248.00
PB0000561,30-06-2015,Hindalco,RCPT0000000055,DCR/15001969,29-06-2015,MRN-876,30-06-2015,INR,COPPER WIRE / ROD,KG,8990.00,3829740.00,0.00,0.00,0.00,43085.00,0.00,0.00,0.00,0.00,478718.00,0.00,0.00,0.00,0.00,0.00,0.00,0.00,4351543.00
PB0000562,30-06-2015,Hindalco,RCPT0000000056,DCR/15001970,29-06-2015,MRN-877,30-06-2015,INR,COPPER WIRE / ROD,KG,2994.00,1275444.00,0.00,0.00,0.00,14349.00,0.00,0.00,0.00,0.00,159431.00,0.00,0.00,0.00,0.00,0.00,0.00,0.00,1449224.00
PB0000563,30-06-2015,Sesa Sterlite Ltd - Vedanta Aluminium& Power,RCPT0000000009,1802000213/MRN-878,29-06-2015,MRN-878,30-06-2015,INR,ALUMINIUM WIRE / ROD,KG,4087.00,582193.15,0.00,0.00,0.00,0.00,13140.00,0.00,0.00,0.00,74817.00,0.00,0.00,0.00,0.00,0.00,0.00,0.00,670150.15
PB0000564,30-06-2015,Hindalco,RCPT0000000143,DGH/15000787/MRN-886,30-06-2015,MRN-886,30-06-2015,INR,COPPER WIRE / ROD,KG,2973.00,1266498.00,1486.50,0.00,0.00,0.00,0.00,0.00,0.00,0.00,158312.00,0.00,0.00,0.00,56992.00,0.00,14248.00,0.00,1494563.50
PB0000565,30-06-2015,Hindalco,RCPT0000000144,DGH/15000788/MRN-887,30-06-2015,MRN-887,30-06-2015,INR,COPPER WIRE / ROD,KG,1978.00,842628.00,989.00,0.00,0.00,0.00,0.00,0.00,0.00,0.00,105329.00,0.00,0.00,0.00,37918.00,0.00,9480.00,0.00,994366.00
PB0000566,30-06-2015,Hindalco,RCPT0000000145,DGH/15000789MRN-888,30-06-2015,MRN-888,30-06-2015,INR,COPPER WIRE / ROD,KG,2070.00,881820.00,1035.00,0.00,0.00,0.00,0.00,0.00,0.00,0.00,110228.00,0.00,0.00,0.00,39682.00,0.00,9920.00,0.00,1040615.00
PB0000567,30-06-2015,S.M.Technosales (P) Ltd.,RCPT0000000068,0439/MRN-892,30-06-2015,MRN-892,30-06-2015,INR,MICROCLEAN CARTRIDGE FILTER 10,PCS,65.00,36400.00,0.00,0.00,0.00,0.00,728.00,0.00,0.00,0.00,0.00,0.00,0.00,0.00,0.00,0.00,0.00,0.00,37128.00
PB0000568,30-06-2015,Hindalco,RCPT0000000057,DCR/15002017/MRN-895,30-06-2015,MRN-895,30-06-2015,INR,COPPER WIRE / ROD,KG,5964.00,2540664.00,0.00,0.00,0.00,28582.00,0.00,0.00,0.00,0.00,317583.00,0.00,0.00,0.00,0.00,0.00,0.00,0.00,2886829.00
PB0000569,30-06-2015,Iskon Packaging Wood Works,,mrn-827/23,24-06-2015,,,INR,MISC. HKM,PCS,125.00,500.00,0.00,0.00,0.00,0.00,0.00,0.00,0.00,0.00,0.00,0.00,0.00,0.00,20.00,0.00,5.00,0.00,525.00
PB0000570,30-06-2015,Delhi Sales Corporation,RCPT0000000137,163,22-06-2015,MRn-812,22-06-2015,INR,"IRON PATTI-1/2"" & NAILS",KG,75.50,4832.00,0.00,0.00,0.00,0.00,0.00,0.00,0.00,0.00,0.00,0.00,0.00,0.00,193.00,0.00,48.00,0.00,5073.00
PB0000571,30-06-2015,A-One Mineral Water Industry,RCPT0000000069,125,30-06-2015,125,30-06-2015,INR,D M WATER,L,109000.00,19620.00,0.00,0.00,0.00,0.00,0.00,0.00,0.00,0.00,0.00,0.00,0.00,2453.00,0.00,294.00,0.00,0.00,22367.00
PB0000572,30-06-2015,Savitri Enterprises,,mrN-829/418,24-06-2015,,,INR,MISC. BUILDING MATERIALS,KG,1.00,39570.00,0.00,0.00,0.00,0.00,0.00,0.00,0.00,0.00,0.00,0.00,0.00,0.00,0.00,0.00,0.00,0.00,39570.00
PB0000573,30-06-2015,Shri Balaji House Keeping Service,,MRN-831/187,24-06-2015,,,INR,MISC. HKM,PCS,1.00,6313.00,0.00,0.00,0.00,0.00,0.00,0.00,0.00,0.00,0.00,0.00,0.00,0.00,0.00,0.00,0.00,0.00,6313.00
PB0000574,30-06-2015,Dna Power Transmission,RCPT0000000070,1088,20-06-2015,MRN-821,23-06-2015,INR,B- 110 V BELT,PCS,3.00,1243.50,0.00,0.00,0.00,0.00,25.00,0.00,0.00,0.00,0.00,0.00,0.00,0.00,0.00,0.00,0.00,0.00,1268.50
PB0000575,30-06-2015,BANSAL MACHINERY STORE,,MRN-809/127,15-06-2015,,,INR,MISC. BUILDING MATERIALS,KG,20.00,1150.00,0.00,0.00,0.00,0.00,0.00,0.00,0.00,0.00,0.00,0.00,0.00,0.00,0.00,0.00,0.00,0.00,1150.00
PB0000576,30-06-2015,SHARMIL PACKAGING,,MRN-807/015,22-06-2015,,,INR,MISC. STICKERS & LABELS,PCS,1200.00,1440.00,0.00,0.00,0.00,0.00,0.00,0.00,0.00,0.00,0.00,0.00,0.00,0.00,0.00,0.00,0.00,0.00,1440.00
PB0000577,30-06-2015,AMIT MOTORS & MACINERY STORE,,MRN808/1165,22-06-2015,,,INR,"HAND TOOLS ( DRILL , TAP , DIE , TOOL BIT , FILE ETC. )",PCS,18.00,2997.99,0.00,0.00,0.00,0.00,0.00,0.00,0.00,0.00,0.00,0.00,0.00,0.00,120.00,0.00,30.00,0.00,3147.99
PB0000578,30-06-2015,Savitri Enterprises,,MRN-795/407,20-06-2015,,,INR,MISC. BUILDING MATERIALS,KG,1.00,3896.00,0.00,0.00,0.00,0.00,0.00,0.00,0.00,0.00,0.00,0.00,0.00,0.00,0.00,0.00,0.00,0.00,3896.00
PB0000579,30-06-2015,Savitri Enterprises,,MRN-828/419,24-06-2015,,,INR,MISC. BUILDING MATERIALS,KG,70.00,15162.00,0.00,0.00,0.00,0.00,0.00,0.00,0.00,0.00,0.00,0.00,0.00,0.00,0.00,0.00,0.00,0.00,15162.00
PB0000580,30-06-2015,Bajaj Stationers,,MRN-796/796A/2266,19-06-2015,,,INR,MISC. STATIONERY ITEMS,PCS,1.00,13131.00,0.00,0.00,0.00,0.00,0.00,0.00,0.00,0.00,0.00,0.00,0.00,0.00,0.00,0.00,0.00,0.00,13131.00
PB0000581,30-06-2015,Shri Balaji House Keeping Service,,MRN-784/170,18-06-2015,,,INR,MISC. HKM,PCS,1.00,2065.00,0.00,0.00,0.00,0.00,0.00,0.00,0.00,0.00,0.00,0.00,0.00,0.00,0.00,0.00,0.00,0.00,2065.00
PB0000582,30-06-2015,Ganesh Electricals,,MRN-785/637,20-06-2015,,,INR,ELECTRICAL-MISC,PCS,2.00,6400.00,0.00,0.00,0.00,0.00,0.00,0.00,0.00,0.00,0.00,0.00,0.00,800.00,0.00,96.00,0.00,0.00,7296.00
PB0000583,30-06-2015,KHUSI ENTERPRISES,RCPT0000000138,271,19-06-2015,MRN-779,19-06-2015,INR,THERMOCOL PACKING BOXES,PCS,1.00,800.00,0.00,0.00,0.00,0.00,0.00,0.00,0.00,0.00,100.00,0.00,0.00,0.00,36.00,0.00,9.00,0.00,945.00
PB0000584,30-06-2015,Ganesh Electricals,,MRN-757/613,17-06-2015,,,INR,ELECTRICAL-MISC,PCS,1.00,3460.00,0.00,0.00,0.00,0.00,0.00,0.00,0.00,0.00,0.00,0.00,0.00,433.00,0.00,52.00,0.00,0.00,3945.00
PB0000585,30-06-2015,SHRI BAL JI TIMBER & PLYWOOD,,MRN-883/014,30-06-2015,,,INR,MISC. BUILDING MATERIALS,KG,10.00,24865.00,0.00,0.00,0.00,0.00,0.00,0.00,0.00,0.00,0.00,0.00,0.00,0.00,0.00,0.00,0.00,0.00,24865.00
PB0000586,30-06-2015,V.S. Traders,,MRN-889/89,30-06-2015,,,INR,PRESSURE GAUGE / RPM METER / VALVES ( ALL TYPES ,PCS,2.00,2732.00,0.00,0.00,0.00,0.00,0.00,0.00,0.00,0.00,0.00,0.00,0.00,0.00,109.00,0.00,27.00,0.00,2868.00
PB0000588,30-06-2015,AMIT MOTORS & MACINERY STORE,,MRN-890/1297,30-06-2015,,,INR,PRESSURE GAUGE / RPM METER / VALVES ( ALL TYPES ,PCS,2.00,3900.00,0.00,0.00,0.00,0.00,0.00,0.00,0.00,0.00,0.00,0.00,0.00,0.00,156.00,0.00,39.00,0.00,4095.00
PB0000589,30-06-2015,VIKAS SPOOL PVT. LTD. (SUPPLIER),RCPT0000000139,599/MRN-734,15-06-2015,MRN-734,16-06-2015,INR,PLAS SPOOL PT- 45,PCS,420.00,88200.00,0.00,0.00,0.00,0.00,1985.00,0.00,0.00,0.00,11025.00,0.00,0.00,0.00,0.00,0.00,0.00,0.00,101210.00
,,,,,,,,,PLAS SPOOL PT- 90,PCS,100.00,28000.00,0.00,0.00,0.00,0.00,630.00,0.00,0.00,0.00,3500.00,0.00,0.00,0.00,0.00,0.00,0.00,0.00,32130.00
,,,,,,,,,PLAS SPOOL PT-04,PCS,500.00,18000.00,0.00,0.00,0.00,0.00,405.00,0.00,0.00,0.00,2250.00,0.00,0.00,0.00,0.00,0.00,0.00,0.00,20655.00
PB0000590,30-06-2015,AMIT MOTORS & MACINERY STORE,,1078/MRN-744,16-06-2015,,,INR,MISC. PIPE & PIPE FITTINGS,PCS,1.00,8092.00,0.00,0.00,0.00,0.00,0.00,0.00,0.00,0.00,0.00,0.00,0.00,0.00,324.00,0.00,81.00,0.00,8497.00
PB0000591,30-06-2015,AMIT MOTORS & MACINERY STORE,,1087/MRN-745,16-06-2015,,,INR,"HAND TOOLS ( DRILL , TAP , DIE , TOOL BIT , FILE ETC. )",PCS,10.00,200.00,0.00,0.00,0.00,0.00,0.00,0.00,0.00,0.00,0.00,0.00,0.00,0.00,8.00,0.00,2.00,0.00,210.00
PB0000592,30-06-2015,AMIT MOTORS & MACINERY STORE,,1151/MRN-787,20-06-2015,,,INR,HEXA BLADE,PCS,10.00,472.50,0.00,0.00,0.00,0.00,0.00,0.00,0.00,0.00,0.00,0.00,0.00,0.00,0.00,0.00,0.00,0.00,472.50
,,,,,,,,,M SEAL,KG,4.00,957.60,0.00,0.00,0.00,0.00,0.00,0.00,0.00,0.00,0.00,0.00,0.00,0.00,0.00,0.00,0.00,0.00,957.60
PB0000593,30-06-2015,N.K. Joy & Co.,RCPT0000000071,13/MRN-648,27-05-2015,MRN-648,05-06-2015,INR,BEARING - 6001 2Z,PCS,2.00,190.00,0.00,0.00,0.00,0.00,4.00,0.00,0.00,0.00,0.00,0.00,0.00,0.00,0.00,0.00,0.00,0.00,194.00
,,,,,,,,,BEARING - 6006 2Z,PCS,2.00,390.00,0.00,0.00,0.00,0.00,8.00,0.00,0.00,0.00,0.00,0.00,0.00,0.00,0.00,0.00,0.00,0.00,398.00
,,,,,,,,,BEARING - 6309 C3 (FAG),PCS,6.00,5064.00,0.00,0.00,0.00,0.00,101.00,0.00,0.00,0.00,0.00,0.00,0.00,0.00,0.00,0.00,0.00,0.00,5165.00
,,,,,,,,,BEARING 6005 2Z,PCS,2.00,330.00,0.00,0.00,0.00,0.00,7.00,0.00,0.00,0.00,0.00,0.00,0.00,0.00,0.00,0.00,0.00,0.00,337.00
,,,,,,,,,BEARING 6201 ZZ,PCS,2.00,140.00,0.00,0.00,0.00,0.00,3.00,0.00,0.00,0.00,0.00,0.00,0.00,0.00,0.00,0.00,0.00,0.00,143.00
,,,,,,,,,BEARING 6208,PCS,15.00,4939.95,0.00,0.00,0.00,0.00,99.00,0.00,0.00,0.00,0.00,0.00,0.00,0.00,0.00,0.00,0.00,0.00,5038.95
,,,,,,,,,BEARING- 6205- 2Z,PCS,4.00,740.00,0.00,0.00,0.00,0.00,15.00,0.00,0.00,0.00,0.00,0.00,0.00,0.00,0.00,0.00,0.00,0.00,755.00
,,,,,,,,,BEARING- 6206 2Z,PCS,10.00,2832.00,0.00,0.00,0.00,0.00,57.00,0.00,0.00,0.00,0.00,0.00,0.00,0.00,0.00,0.00,0.00,0.00,2889.00
,,,,,,,,,BEARING- 6209ZZ,PCS,12.00,5220.00,0.00,0.00,0.00,0.00,104.00,0.00,0.00,0.00,0.00,0.00,0.00,0.00,0.00,0.00,0.00,0.00,5324.00
,,,,,,,,,BEARING- 6301-2Z,PCS,4.00,300.00,0.00,0.00,0.00,0.00,6.00,0.00,0.00,0.00,0.00,0.00,0.00,0.00,0.00,0.00,0.00,0.00,306.00
,,,,,,,,,BEARING- 6307/C3,PCS,8.00,2600.00,0.00,0.00,0.00,0.00,52.00,0.00,0.00,0.00,0.00,0.00,0.00,0.00,0.00,0.00,0.00,0.00,2652.00
,,,,,,,,,BEARING- 6308,PCS,1.00,657.00,0.00,0.00,0.00,0.00,13.00,0.00,0.00,0.00,0.00,0.00,0.00,0.00,0.00,0.00,0.00,0.00,670.00
,,,,,,,,,MISC. BEARING,PCS,1.00,19500.00,0.00,0.00,0.00,0.00,390.00,0.00,0.00,0.00,0.00,0.00,0.00,0.00,0.00,0.00,0.00,0.00,19890.00
PB0000594,30-06-2015,Rathi Adhesive Tape (P) Ltd.,RCPT0000000140,125/MRN-771,19-06-2015,MRN-771,19-06-2015,INR,"TAPE- 2"" TRANSPARENT",PCS,360.00,8280.00,0.00,0.00,0.00,0.00,0.00,0.00,0.00,0.00,1035.00,0.00,0.00,0.00,373.00,0.00,93.00,0.00,9781.00
PB0000595,30-06-2015,Rathi Adhesive Tape (P) Ltd.,RCPT0000000141,123/MRN-759,17-06-2015,MRN-759,17-06-2015,INR,"TAPE- 1"" TRANSPARENT",PCS,160.00,1833.60,0.00,0.00,0.00,0.00,0.00,0.00,0.00,0.00,229.00,0.00,0.00,0.00,83.00,0.00,21.00,0.00,2166.60
PB0000596,30-06-2015,M.I. Engineering Works,,,,,,INR,MAG-MECHANICAL SPARE PARTS,PCS,2.00,75000.00,0.00,0.00,0.00,0.00,1500.00,0.00,0.00,0.00,0.00,0.00,0.00,0.00,0.00,0.00,0.00,0.00,76500.00
PB0000597,30-06-2015,FUPAO CHEMICAL CO. LTD.,RCPT0000000049,GK0520/15/MRN-833,20-05-2015,MRN-833,24-06-2015,INR,FLK 332A,KG,300.00,40472.85,0.00,2035.26,4087.95,0.00,0.00,5620.37,194.30,0.00,0.00,0.00,96.82,0.00,0.00,0.00,0.00,0.00,52507.55
,,,,,,,,,FPH 240,KG,3200.00,535196.96,0.00,26910.90,54054.82,0.00,0.00,74325.45,2567.80,0.00,0.00,0.00,1283.90,0.00,0.00,0.00,0.00,0.00,694339.82
,,,,,,,,,FPU A1 40,KG,10200.00,1597961.07,0.00,80348.61,161394.36,0.00,0.00,221917.09,7665.96,0.00,0.00,0.00,3832.98,0.00,0.00,0.00,0.00,0.00,2073120.08
,,,,,,,,,FSB JY 19LA,KG,200.00,66215.39,0.00,3329.49,6688.03,0.00,0.00,9195.79,317.59,0.00,0.00,0.00,158.79,0.00,0.00,0.00,0.00,0.00,85905.08
,,,,,,,,,NH AI 27 P,KG,840.00,175353.95,0.00,8816.88,17710.58,0.00,0.00,24352.13,841.09,0.00,0.00,0.00,420.87,0.00,0.00,0.00,0.00,0.00,227495.50
,,,,,,,,,NH AI 27 S,KG,210.00,51402.46,0.00,2584.58,5191.76,0.00,0.00,7138.58,246.58,0.00,0.00,0.00,123.29,0.00,0.00,0.00,0.00,0.00,66687.25
,,,,,,,,,NH AI 30 MLK,KG,1050.00,289748.81,0.00,14568.94,29264.39,0.00,0.00,40239.18,1389.76,0.00,0.00,0.00,695.20,0.00,0.00,0.00,0.00,0.00,375906.28
PB0000598,30-06-2015,Arvind Bearing & Mill Store,RCPT0000000072,821/MRN-882,30-06-2015,MRN-882,30-06-2015,INR,BEARING - 61911 zz,PCS,2.00,5980.80,0.00,0.00,0.00,0.00,0.00,0.00,0.00,0.00,0.00,0.00,0.00,0.00,239.00,0.00,60.00,0.00,6279.80
PB0000599,30-06-2015,Savitri Enterprises,,450/MRN-874,,,,INR,MISC. BUILDING MATERIALS,KG,1.00,16596.00,0.00,0.00,0.00,0.00,0.00,0.00,0.00,0.00,0.00,0.00,0.00,0.00,0.00,0.00,0.00,0.00,16596.00
PB0000600,30-06-2015,Shree Shakti International,,94/MRN-873,30-06-2015,,,INR,PRINTING ITEMS,PCS,1.00,6500.00,0.00,0.00,0.00,0.00,0.00,0.00,0.00,0.00,0.00,0.00,0.00,0.00,260.00,0.00,65.00,0.00,6825.00
PB0000601,30-06-2015,Shree Shakti International,RCPT0000000142,94/MRN-873,29-06-2015,MRN-873,30-06-2015,INR,BARCODE PAPER LABEL-30X15X1,PCS,30000.00,1500.00,0.00,0.00,0.00,0.00,0.00,0.00,0.00,0.00,0.00,0.00,0.00,0.00,60.00,0.00,15.00,0.00,1575.00
,,,,,,,,,BARCODE PAPER LABEL-30X20X1,PCS,15000.00,750.00,0.00,0.00,0.00,0.00,0.00,0.00,0.00,0.00,0.00,0.00,0.00,0.00,30.00,0.00,8.00,0.00,788.00
,,,,,,,,,BARCODE PAPER LABEL-75X75X1,PCS,12700.00,4572.00,0.00,0.00,0.00,0.00,0.00,0.00,0.00,0.00,0.00,0.00,0.00,0.00,183.00,0.00,46.00,0.00,4801.00
,,,,,,,,,"RIBBON-35X100 (WAX 1"" CORE)",PCS,10.00,5400.00,0.00,0.00,0.00,0.00,0.00,0.00,0.00,0.00,0.00,0.00,0.00,0.00,216.00,0.00,54.00,0.00,5670.00
,,,,,,,,,"RIBBON-80X300 (WAX 1"" CORE)",PCS,10.00,3360.00,0.00,0.00,0.00,0.00,0.00,0.00,0.00,0.00,0.00,0.00,0.00,0.00,134.00,0.00,34.00,0.00,3528.00
PB0000602,30-06-2015,SHARMIL PACKAGING,,018/MRN-869,29-06-2015,,,INR,PRINTING ITEMS,PCS,25.00,2250.00,0.00,0.00,0.00,0.00,0.00,0.00,0.00,0.00,0.00,0.00,0.00,0.00,0.00,0.00,0.00,0.00,2250.00
PB0000603,30-06-2015,MAHESH PAINTS & HARDWARE STORE,,337/MRN-865,29-06-2015,,,INR,MISC. BUILDING MATERIALS,KG,2.00,921.00,0.00,0.00,0.00,0.00,0.00,0.00,0.00,0.00,0.00,0.00,0.00,0.00,0.00,0.00,0.00,0.00,921.00
PB0000604,30-06-2015,Oberoi Electrical India,,7722/MRN-786,19-06-2015,,,INR,MOTORS & PUMPS & STARTERS,PCS,1.00,18879.00,0.00,0.00,0.00,0.00,0.00,0.00,0.00,0.00,0.00,0.00,0.00,0.00,0.00,0.00,0.00,0.00,18879.00
PB0000605,30-06-2015,Meena Dies Repair,,MRN-798/468,13-06-2015,,,INR,DIES WIRE DRAWING PCD,PCS,5.00,700.00,0.00,0.00,0.00,0.00,0.00,0.00,0.00,0.00,0.00,0.00,0.00,0.00,0.00,0.00,0.00,0.00,700.00
PB0000606,30-06-2015,Komal Packaging System,RCPT0000000143,3367/MRN-758,16-06-2015,3367/MRN-758,17-06-2015,INR,STRAPPING ROLL,PCS,3.00,2190.00,0.00,0.00,0.00,0.00,44.00,0.00,0.00,0.00,0.00,0.00,0.00,0.00,0.00,0.00,0.00,0.00,2234.00
PB0000607,30-06-2015,Meena Dies Repair,,MRN-704/476,,,,INR,DIES WIRE DRAWING PCD,PCS,11.00,1540.00,0.00,0.00,0.00,0.00,0.00,0.00,0.00,0.00,0.00,0.00,0.00,0.00,0.00,0.00,0.00,0.00,1540.00
PB0000608,30-06-2015,OYSTER STEEL & IRON PRIVATE LIMITED,RCPT0000000146,1153,11-06-2015,MRN-711,,INR,COPPER WIRE / ROD,KG,2999.00,1283542.01,0.00,0.00,0.00,14432.00,0.00,0.00,0.00,0.00,159663.00,0.00,0.00,0.00,0.00,0.00,0.00,0.00,1457637.01
PB0000609,30-06-2015,OYSTER STEEL & IRON PRIVATE LIMITED,RCPT0000000147,1152/MRN-710,11-06-2015,1152/MRN-710,13-06-2015,INR,COPPER WIRE / ROD,KG,2971.00,1271558.29,0.00,0.00,0.00,14297.00,0.00,0.00,0.00,0.00,158173.00,0.00,0.00,0.00,0.00,0.00,0.00,0.00,1444028.29
PB0000610,30-06-2015,OYSTER STEEL & IRON PRIVATE LIMITED,RCPT0000000148,1151/MRN709,11-06-2015,1151/MRN709,13-06-2015,INR,COPPER WIRE / ROD,KG,2974.00,1272842.26,0.00,0.00,0.00,14312.00,0.00,0.00,0.00,0.00,158332.00,0.00,0.00,0.00,0.00,0.00,0.00,0.00,1445486.26
PB0000611,30-06-2015,ANU LUBES,RCPT0000000073,136,30-06-2015,891,30-06-2015,INR,LUB. OIL ( GRADE 40 ),L,1254.00,164662.74,0.00,0.00,0.00,0.00,0.00,0.00,333.00,0.00,0.00,16667.00,167.00,0.00,7273.00,0.00,1818.00,0.00,190920.74
PB0000612,30-06-2015,Hindalco,RCPT0000000149,DGH/15000753/MRN-845,26-06-2015,DGH/15000753/MRN-845,26-06-2015,INR,COPPER WIRE / ROD,KG,2989.00,1204315.92,1494.50,0.00,0.00,0.00,0.00,0.00,0.00,0.00,159164.00,0.00,0.00,0.00,54539.00,0.00,13635.00,0.00,1430159.42
PB0000613,30-06-2015,Hindalco,RCPT0000000150,DGH/15000757/MRN-855,27-06-2015,DGH/15000757/MRN-855,27-06-2015,INR,COPPER WIRE / ROD,KG,5973.00,2406617.27,2986.50,0.00,0.00,0.00,0.00,0.00,0.00,0.00,318062.00,0.00,0.00,0.00,108987.00,0.00,27247.00,0.00,2857926.77
PB0000614,30-06-2015,VIKAS SPOOL PVT. LTD. (SUPPLIER),RCPT0000000144,VSPL/640,19-06-2015,MRN-798,20-06-2015,INR,PLAS SPOOL PT- 90,PCS,8.00,2240.00,0.00,0.00,0.00,0.00,50.00,0.00,0.00,0.00,280.00,0.00,0.00,0.00,0.00,0.00,0.00,0.00,2570.00
,,,,,,,,,,,127.00,38100.00,0.00,0.00,0.00,0.00,857.00,0.00,0.00,0.00,4763.00,0.00,0.00,0.00,0.00,0.00,0.00,0.00,43720.00
,,,,,,,,,PLAS SPOOL PT-04,PCS,200.00,3800.00,0.00,0.00,0.00,0.00,86.00,0.00,0.00,0.00,475.00,0.00,0.00,0.00,0.00,0.00,0.00,0.00,4361.00
,,,,,,,,,PLAS SPOOL PT-10,PCS,1000.00,35500.00,0.00,0.00,0.00,0.00,799.00,0.00,0.00,0.00,4438.00,0.00,0.00,0.00,0.00,0.00,0.00,0.00,40737.00
,,,,,,,,,PLAS SPOOL PT-25,PCS,1200.00,51300.00,0.00,0.00,0.00,0.00,1154.00,0.00,0.00,0.00,6413.00,0.00,0.00,0.00,0.00,0.00,0.00,0.00,58867.00
,,,,,,,,,PLASTIC SPOOL PT-20,PCS,480.00,49920.00,0.00,0.00,0.00,0.00,1123.00,0.00,0.00,0.00,6240.00,0.00,0.00,0.00,0.00,0.00,0.00,0.00,57283.00
PB0000615,30-06-2015,Arvind Bearing & Mill Store,RCPT0000000074,702/MRN-752,16-06-2015,702/MRN-752,17-06-2015,INR,BEARING - 6006 2Z,PCS,2.00,404.60,0.00,0.00,0.00,0.00,0.00,0.00,0.00,0.00,0.00,0.00,0.00,0.00,16.00,0.00,4.00,0.00,424.60
PB0000616,30-06-2015,Arvind Bearing & Mill Store,RCPT0000000075,803/MRN-803,27-06-2015,803/MRN-803,27-06-2015,INR,B- 122 V BELT,PCS,2.00,1024.80,0.00,0.00,0.00,0.00,0.00,0.00,0.00,0.00,0.00,0.00,0.00,0.00,41.00,0.00,10.00,0.00,1075.80
PB0000617,30-06-2015,Om Wooden Industries,RCPT0000000145,,,,,INR,WOODEN PALLET 37*37,PCS,25.00,18375.00,0.00,0.00,0.00,0.00,0.00,0.00,0.00,0.00,0.00,0.00,0.00,0.00,735.00,0.00,184.00,0.00,19294.00
PB0000618,30-06-2015,KHUSI ENTERPRISES,RCPT0000000146,256/MRN-746,16-06-2015,256/MRN-746,16-06-2015,INR,THERMOCOL PACKING BOXES,PCS,2.00,1900.00,0.00,0.00,0.00,0.00,0.00,0.00,0.00,0.00,238.00,0.00,0.00,0.00,86.00,0.00,21.00,0.00,2245.00
PB0000685,30-06-2015,Dash International,RCPT0000000160,334/MRN-811,22-06-2015,334/MRN-811,22-06-2015,INR,BARCODE PAPER LABEL-75X75X1,PCS,12500.00,4187.50,0.00,0.00,0.00,0.00,0.00,0.00,0.00,0.00,523.00,0.00,0.00,0.00,188.00,0.00,47.00,0.00,4945.50
PB0000686,30-06-2015,Arvind Bearing & Mill Store,RCPT0000000083,764/MRN-830,23-06-2015,764/MRN-830,24-06-2015,INR,BEARING- 6802ZZ,PCS,12.00,1596.00,0.00,0.00,0.00,0.00,0.00,0.00,0.00,0.00,0.00,0.00,0.00,0.00,64.00,0.00,16.00,0.00,1676.00
 Total :,,,,,,,,,,,581899.70,139749056.57,103745.50,138594.66,278391.89,473633.00,154307.54,382788.60,13556.07,724.98,17292082.00,50687.00,6778.86,19717.62,4060724.00,2366.11,1015181.00,0.00,166248494.85
